prodid;Year;monthS;Total QTy
1; 2005; 1;2004
1; 2005; 2;3732
1; 2005; 3;2541
1; 2005; 4;2231
1; 2005; 5;2688
1; 2005; 6;3070
1; 2005; 7;2732
1; 2005; 8;2288
1; 2005; 9;3506
1; 2005; 10;2731
1; 2005; 11;2942
1; 2005; 12;3180
1; 2006; 1;3297
1; 2006; 2;1934
1; 2006; 3;2629
1; 2006; 4;3073
1; 2006; 5;3786
1; 2006; 6;3169
1; 2006; 7;2985
1; 2006; 8;2141
1; 2006; 9;2684
1; 2006; 10;2027
1; 2006; 11;3265
1; 2006; 12;2862
1; 2007; 1;3223
1; 2007; 2;2712
1; 2007; 3;2823
1; 2007; 4;3656
1; 2007; 5;3574
1; 2007; 6;4129
1; 2007; 7;2582
1; 2007; 8;3580
1; 2007; 9;3025
1; 2007; 10;2396
1; 2007; 11;1867
1; 2007; 12;3031
1; 2008; 1;2852
1; 2008; 2;2930
1; 2008; 3;2842
1; 2008; 4;3222
1; 2008; 5;2012
1; 2008; 6;3241
1; 2008; 7;2144
1; 2008; 8;3044
1; 2008; 9;2721
1; 2008; 10;3587
1; 2008; 11;2852
1; 2008; 12;2689
1; 2009; 1;1858
1; 2009; 2;2999
1; 2009; 3;2749
1; 2009; 4;1860
1; 2009; 5;1392
1; 2009; 6;2445
1; 2009; 7;1933
1; 2009; 8;3777
1; 2009; 9;2638
1; 2009; 10;2660
1; 2009; 11;3018
1; 2009; 12;2335
1; 2010; 1;2180
1; 2010; 2;3228
1; 2010; 3;3168
1; 2010; 4;2707
1; 2010; 5;2983
1; 2010; 6;3172
1; 2010; 7;4096
1; 2010; 8;2456
1; 2010; 9;2843
1; 2010; 10;2433
2; 2005; 1;3260
2; 2005; 2;1525
2; 2005; 3;1641
2; 2005; 4;2927
2; 2005; 5;2269
2; 2005; 6;2443
2; 2005; 7;2945
2; 2005; 8;1997
2; 2005; 9;2553
2; 2005; 10;2621
2; 2005; 11;2539
2; 2005; 12;2698
2; 2006; 1;2566
2; 2006; 2;2346
2; 2006; 3;2727
2; 2006; 4;3749
2; 2006; 5;2688
2; 2006; 6;3243
2; 2006; 7;2869
2; 2006; 8;2617
2; 2006; 9;4772
2; 2006; 10;4301
2; 2006; 11;3176
2; 2006; 12;2114
2; 2007; 1;3398
2; 2007; 2;2741
2; 2007; 3;3383
2; 2007; 4;2686
2; 2007; 5;2659
2; 2007; 6;2459
2; 2007; 7;2228
2; 2007; 8;3638
2; 2007; 9;2161
2; 2007; 10;3033
2; 2007; 11;2559
2; 2007; 12;3643
2; 2008; 1;2130
2; 2008; 2;3538
2; 2008; 3;2721
2; 2008; 4;3469
2; 2008; 5;2207
2; 2008; 6;2974
2; 2008; 7;2686
2; 2008; 8;2952
2; 2008; 9;3871
2; 2008; 10;2997
2; 2008; 11;4056
2; 2008; 12;2916
2; 2009; 1;3736
2; 2009; 2;2417
2; 2009; 3;2821
2; 2009; 4;3679
2; 2009; 5;2511
2; 2009; 6;2395
2; 2009; 7;2555
2; 2009; 8;4049
2; 2009; 9;3890
2; 2009; 10;3013
2; 2009; 11;2383
2; 2009; 12;3174
2; 2010; 1;3835
2; 2010; 2;1989
2; 2010; 3;3875
2; 2010; 4;2637
2; 2010; 5;3535
2; 2010; 6;2224
2; 2010; 7;2564
2; 2010; 8;2929
2; 2010; 9;3390
2; 2010; 10;4180
3; 2005; 1;2612
3; 2005; 2;3410
3; 2005; 3;3129
3; 2005; 4;2912
3; 2005; 5;3740
3; 2005; 6;4168
3; 2005; 7;3059
3; 2005; 8;2859
3; 2005; 9;3836
3; 2005; 10;2517
3; 2005; 11;3202
3; 2005; 12;3837
3; 2006; 1;3499
3; 2006; 2;2790
3; 2006; 3;2890
3; 2006; 4;3371
3; 2006; 5;2434
3; 2006; 6;3826
3; 2006; 7;3551
3; 2006; 8;3277
3; 2006; 9;3444
3; 2006; 10;3293
3; 2006; 11;3017
3; 2006; 12;2658
3; 2007; 1;3030
3; 2007; 2;2667
3; 2007; 3;4252
3; 2007; 4;2359
3; 2007; 5;3260
3; 2007; 6;2414
3; 2007; 7;3517
3; 2007; 8;3326
3; 2007; 9;3332
3; 2007; 10;4281
3; 2007; 11;2174
3; 2007; 12;3374
3; 2008; 1;2538
3; 2008; 2;2945
3; 2008; 3;3141
3; 2008; 4;2414
3; 2008; 5;3845
3; 2008; 6;1860
3; 2008; 7;3390
3; 2008; 8;2768
3; 2008; 9;2450
3; 2008; 10;3943
3; 2008; 11;3374
3; 2008; 12;1953
3; 2009; 1;2131
3; 2009; 2;2983
3; 2009; 3;2896
3; 2009; 4;2657
3; 2009; 5;3713
3; 2009; 6;3372
3; 2009; 7;3956
3; 2009; 8;1943
3; 2009; 9;3374
3; 2009; 10;3606
3; 2009; 11;2732
3; 2009; 12;3858
3; 2010; 1;3468
3; 2010; 2;2794
3; 2010; 3;3323
3; 2010; 4;3748
3; 2010; 5;3852
3; 2010; 6;2896
3; 2010; 7;2980
3; 2010; 8;2317
3; 2010; 9;1809
3; 2010; 10;2611
4; 2005; 1;3931
4; 2005; 2;2255
4; 2005; 3;3236
4; 2005; 4;2147
4; 2005; 5;2744
4; 2005; 6;3559
4; 2005; 7;2935
4; 2005; 8;2823
4; 2005; 9;2449
4; 2005; 10;3305
4; 2005; 11;2246
4; 2005; 12;2617
4; 2006; 1;2731
4; 2006; 2;2809
4; 2006; 3;3606
4; 2006; 4;2253
4; 2006; 5;3473
4; 2006; 6;3226
4; 2006; 7;3847
4; 2006; 8;3090
4; 2006; 9;3048
4; 2006; 10;3005
4; 2006; 11;1689
4; 2006; 12;3203
4; 2007; 1;3650
4; 2007; 2;5085
4; 2007; 3;3455
4; 2007; 4;3444
4; 2007; 5;3550
4; 2007; 6;2471
4; 2007; 7;3198
4; 2007; 8;2350
4; 2007; 9;3119
4; 2007; 10;3039
4; 2007; 11;3215
4; 2007; 12;3200
4; 2008; 1;3028
4; 2008; 2;3478
4; 2008; 3;3788
4; 2008; 4;3483
4; 2008; 5;2122
4; 2008; 6;2969
4; 2008; 7;2550
4; 2008; 8;3501
4; 2008; 9;3942
4; 2008; 10;2339
4; 2008; 11;3077
4; 2008; 12;3439
4; 2009; 1;2406
4; 2009; 2;2830
4; 2009; 3;2578
4; 2009; 4;2867
4; 2009; 5;3246
4; 2009; 6;3306
4; 2009; 7;3456
4; 2009; 8;3562
4; 2009; 9;3290
4; 2009; 10;3730
4; 2009; 11;3165
4; 2009; 12;3316
4; 2010; 1;4176
4; 2010; 2;2506
4; 2010; 3;1961
4; 2010; 4;3994
4; 2010; 5;3128
4; 2010; 6;3119
4; 2010; 7;2351
4; 2010; 8;3505
4; 2010; 9;2708
4; 2010; 10;2392
5; 2005; 1;2880
5; 2005; 2;2252
5; 2005; 3;3654
5; 2005; 4;3026
5; 2005; 5;2504
5; 2005; 6;4070
5; 2005; 7;2972
5; 2005; 8;4401
5; 2005; 9;2431
5; 2005; 10;2631
5; 2005; 11;1932
5; 2005; 12;3739
5; 2006; 1;2019
5; 2006; 2;1701
5; 2006; 3;3010
5; 2006; 4;3732
5; 2006; 5;2691
5; 2006; 6;3857
5; 2006; 7;3392
5; 2006; 8;2870
5; 2006; 9;3314
5; 2006; 10;2493
5; 2006; 11;2659
5; 2006; 12;3544
5; 2007; 1;2549
5; 2007; 2;2532
5; 2007; 3;3997
5; 2007; 4;2566
5; 2007; 5;2789
5; 2007; 6;3055
5; 2007; 7;3650
5; 2007; 8;2985
5; 2007; 9;2782
5; 2007; 10;2939
5; 2007; 11;2520
5; 2007; 12;3536
5; 2008; 1;3490
5; 2008; 2;4276
5; 2008; 3;2626
5; 2008; 4;3219
5; 2008; 5;3712
5; 2008; 6;4095
5; 2008; 7;2649
5; 2008; 8;3165
5; 2008; 9;2815
5; 2008; 10;3832
5; 2008; 11;3477
5; 2008; 12;3973
5; 2009; 1;4306
5; 2009; 2;3032
5; 2009; 3;3540
5; 2009; 4;2980
5; 2009; 5;1929
5; 2009; 6;2151
5; 2009; 7;4088
5; 2009; 8;3249
5; 2009; 9;4072
5; 2009; 10;3372
5; 2009; 11;2691
5; 2009; 12;3061
5; 2010; 1;2419
5; 2010; 2;2824
5; 2010; 3;2643
5; 2010; 4;1800
5; 2010; 5;4393
5; 2010; 6;2027
5; 2010; 7;2744
5; 2010; 8;3017
5; 2010; 9;3425
5; 2010; 10;2541
6; 2005; 1;3189
6; 2005; 2;4508
6; 2005; 3;3824
6; 2005; 4;3092
6; 2005; 5;3149
6; 2005; 6;3105
6; 2005; 7;3723
6; 2005; 8;1930
6; 2005; 9;3491
6; 2005; 10;3269
6; 2005; 11;2618
6; 2005; 12;3001
6; 2006; 1;4271
6; 2006; 2;2428
6; 2006; 3;2524
6; 2006; 4;2910
6; 2006; 5;2308
6; 2006; 6;3943
6; 2006; 7;3267
6; 2006; 8;3097
6; 2006; 9;2648
6; 2006; 10;3409
6; 2006; 11;3140
6; 2006; 12;2816
6; 2007; 1;4887
6; 2007; 2;3064
6; 2007; 3;3084
6; 2007; 4;1214
6; 2007; 5;4804
6; 2007; 6;2538
6; 2007; 7;2910
6; 2007; 8;3012
6; 2007; 9;2769
6; 2007; 10;2376
6; 2007; 11;3200
6; 2007; 12;2682
6; 2008; 1;3552
6; 2008; 2;3523
6; 2008; 3;2501
6; 2008; 4;2917
6; 2008; 5;2529
6; 2008; 6;2880
6; 2008; 7;2475
6; 2008; 8;3283
6; 2008; 9;3370
6; 2008; 10;2645
6; 2008; 11;3124
6; 2008; 12;2290
6; 2009; 1;3050
6; 2009; 2;3154
6; 2009; 3;3660
6; 2009; 4;3058
6; 2009; 5;2649
6; 2009; 6;2144
6; 2009; 7;2632
6; 2009; 8;3821
6; 2009; 9;2546
6; 2009; 10;2484
6; 2009; 11;2702
6; 2009; 12;3407
6; 2010; 1;2313
6; 2010; 2;2262
6; 2010; 3;2987
6; 2010; 4;3747
6; 2010; 5;3369
6; 2010; 6;2830
6; 2010; 7;3679
6; 2010; 8;4678
6; 2010; 9;2897
6; 2010; 10;2510
7; 2005; 1;3567
7; 2005; 2;2964
7; 2005; 3;2550
7; 2005; 4;2901
7; 2005; 5;2510
7; 2005; 6;1967
7; 2005; 7;4117
7; 2005; 8;3649
7; 2005; 9;3660
7; 2005; 10;2903
7; 2005; 11;3710
7; 2005; 12;2628
7; 2006; 1;2577
7; 2006; 2;2470
7; 2006; 3;3089
7; 2006; 4;2589
7; 2006; 5;3489
7; 2006; 6;3742
7; 2006; 7;3980
7; 2006; 8;4204
7; 2006; 9;2830
7; 2006; 10;2620
7; 2006; 11;3118
7; 2006; 12;4105
7; 2007; 1;3285
7; 2007; 2;3031
7; 2007; 3;4383
7; 2007; 4;2739
7; 2007; 5;4133
7; 2007; 6;2285
7; 2007; 7;3612
7; 2007; 8;2233
7; 2007; 9;2071
7; 2007; 10;3083
7; 2007; 11;2627
7; 2007; 12;1854
7; 2008; 1;2662
7; 2008; 2;2527
7; 2008; 3;3099
7; 2008; 4;2558
7; 2008; 5;1738
7; 2008; 6;2634
7; 2008; 7;2212
7; 2008; 8;3591
7; 2008; 9;2314
7; 2008; 10;2892
7; 2008; 11;3258
7; 2008; 12;2843
7; 2009; 1;2912
7; 2009; 2;3012
7; 2009; 3;3193
7; 2009; 4;2466
7; 2009; 5;3559
7; 2009; 6;2818
7; 2009; 7;3017
7; 2009; 8;3424
7; 2009; 9;2587
7; 2009; 10;3105
7; 2009; 11;1808
7; 2009; 12;4361
7; 2010; 1;2234
7; 2010; 2;3221
7; 2010; 3;2900
7; 2010; 4;3222
7; 2010; 5;2817
7; 2010; 6;3024
7; 2010; 7;3131
7; 2010; 8;2373
7; 2010; 9;3070
7; 2010; 10;3885
8; 2005; 1;3476
8; 2005; 2;3289
8; 2005; 3;3223
8; 2005; 4;3540
8; 2005; 5;2523
8; 2005; 6;2126
8; 2005; 7;3614
8; 2005; 8;3568
8; 2005; 9;2321
8; 2005; 10;2450
8; 2005; 11;3181
8; 2005; 12;3515
8; 2006; 1;3120
8; 2006; 2;2618
8; 2006; 3;3020
8; 2006; 4;3376
8; 2006; 5;2252
8; 2006; 6;2420
8; 2006; 7;2216
8; 2006; 8;2790
8; 2006; 9;2814
8; 2006; 10;5526
8; 2006; 11;3373
8; 2006; 12;4131
8; 2007; 1;2774
8; 2007; 2;3428
8; 2007; 3;3905
8; 2007; 4;3119
8; 2007; 5;4109
8; 2007; 6;4611
8; 2007; 7;2236
8; 2007; 8;2451
8; 2007; 9;3968
8; 2007; 10;3361
8; 2007; 11;2419
8; 2007; 12;3760
8; 2008; 1;2402
8; 2008; 2;3875
8; 2008; 3;3984
8; 2008; 4;2087
8; 2008; 5;3450
8; 2008; 6;3170
8; 2008; 7;4063
8; 2008; 8;2201
8; 2008; 9;2336
8; 2008; 10;2699
8; 2008; 11;2116
8; 2008; 12;3646
8; 2009; 1;3922
8; 2009; 2;3121
8; 2009; 3;3568
8; 2009; 4;3547
8; 2009; 5;3066
8; 2009; 6;3064
8; 2009; 7;4413
8; 2009; 8;2603
8; 2009; 9;3317
8; 2009; 10;1853
8; 2009; 11;3034
8; 2009; 12;2088
8; 2010; 1;2339
8; 2010; 2;1856
8; 2010; 3;3237
8; 2010; 4;3308
8; 2010; 5;2979
8; 2010; 6;2174
8; 2010; 7;4002
8; 2010; 8;2362
8; 2010; 9;3055
8; 2010; 10;1985
9; 2005; 1;2656
9; 2005; 2;2665
9; 2005; 3;4268
9; 2005; 4;2293
9; 2005; 5;3264
9; 2005; 6;3382
9; 2005; 7;3914
9; 2005; 8;2771
9; 2005; 9;2601
9; 2005; 10;2822
9; 2005; 11;3089
9; 2005; 12;4385
9; 2006; 1;3557
9; 2006; 2;1720
9; 2006; 3;3397
9; 2006; 4;3192
9; 2006; 5;4070
9; 2006; 6;4144
9; 2006; 7;3546
9; 2006; 8;2921
9; 2006; 9;2094
9; 2006; 10;2858
9; 2006; 11;2462
9; 2006; 12;3048
9; 2007; 1;3436
9; 2007; 2;2670
9; 2007; 3;2194
9; 2007; 4;3282
9; 2007; 5;2968
9; 2007; 6;3939
9; 2007; 7;3669
9; 2007; 8;3975
9; 2007; 9;2305
9; 2007; 10;4017
9; 2007; 11;2858
9; 2007; 12;2875
9; 2008; 1;1616
9; 2008; 2;2433
9; 2008; 3;3366
9; 2008; 4;3282
9; 2008; 5;3870
9; 2008; 6;3335
9; 2008; 7;3255
9; 2008; 8;3976
9; 2008; 9;3331
9; 2008; 10;4128
9; 2008; 11;3072
9; 2008; 12;1870
9; 2009; 1;2577
9; 2009; 2;2210
9; 2009; 3;3349
9; 2009; 4;3741
9; 2009; 5;2782
9; 2009; 6;2111
9; 2009; 7;2308
9; 2009; 8;2979
9; 2009; 9;2831
9; 2009; 10;2448
9; 2009; 11;2624
9; 2009; 12;4179
9; 2010; 1;3031
9; 2010; 2;2248
9; 2010; 3;1981
9; 2010; 4;3308
9; 2010; 5;4626
9; 2010; 6;2354
9; 2010; 7;4280
9; 2010; 8;3116
9; 2010; 9;1951
9; 2010; 10;3325
10; 2005; 1;3584
10; 2005; 2;2601
10; 2005; 3;2541
10; 2005; 4;2388
10; 2005; 5;3158
10; 2005; 6;2799
10; 2005; 7;3458
10; 2005; 8;4051
10; 2005; 9;3775
10; 2005; 10;3326
10; 2005; 11;3434
10; 2005; 12;3823
10; 2006; 1;3360
10; 2006; 2;4035
10; 2006; 3;3925
10; 2006; 4;3429
10; 2006; 5;3001
10; 2006; 6;3314
10; 2006; 7;4700
10; 2006; 8;2578
10; 2006; 9;3015
10; 2006; 10;3009
10; 2006; 11;3915
10; 2006; 12;3158
10; 2007; 1;3269
10; 2007; 2;2709
10; 2007; 3;2199
10; 2007; 4;2352
10; 2007; 5;3457
10; 2007; 6;3571
10; 2007; 7;2128
10; 2007; 8;3863
10; 2007; 9;3401
10; 2007; 10;3177
10; 2007; 11;3126
10; 2007; 12;4048
10; 2008; 1;2747
10; 2008; 2;3206
10; 2008; 3;4135
10; 2008; 4;2893
10; 2008; 5;3613
10; 2008; 6;1802
10; 2008; 7;4144
10; 2008; 8;3259
10; 2008; 9;2533
10; 2008; 10;3670
10; 2008; 11;3320
10; 2008; 12;3154
10; 2009; 1;2991
10; 2009; 2;2802
10; 2009; 3;3757
10; 2009; 4;3515
10; 2009; 5;3405
10; 2009; 6;3368
10; 2009; 7;3321
10; 2009; 8;3076
10; 2009; 9;4224
10; 2009; 10;2925
10; 2009; 11;1907
10; 2009; 12;3147
10; 2010; 1;3338
10; 2010; 2;2185
10; 2010; 3;4112
10; 2010; 4;3566
10; 2010; 5;2431
10; 2010; 6;2635
10; 2010; 7;2295
10; 2010; 8;3372
10; 2010; 9;2498
10; 2010; 10;3455
11; 2005; 1;1922
11; 2005; 2;2848
11; 2005; 3;3784
11; 2005; 4;2736
11; 2005; 5;4756
11; 2005; 6;2883
11; 2005; 7;3567
11; 2005; 8;3239
11; 2005; 9;2232
11; 2005; 10;3895
11; 2005; 11;2732
11; 2005; 12;2808
11; 2006; 1;2450
11; 2006; 2;3076
11; 2006; 3;2864
11; 2006; 4;3903
11; 2006; 5;3926
11; 2006; 6;3473
11; 2006; 7;2808
11; 2006; 8;4421
11; 2006; 9;3218
11; 2006; 10;3092
11; 2006; 11;4009
11; 2006; 12;3348
11; 2007; 1;2465
11; 2007; 2;3609
11; 2007; 3;3894
11; 2007; 4;2379
11; 2007; 5;3012
11; 2007; 6;2406
11; 2007; 7;3295
11; 2007; 8;3184
11; 2007; 9;2899
11; 2007; 10;3468
11; 2007; 11;3263
11; 2007; 12;2225
11; 2008; 1;2778
11; 2008; 2;4156
11; 2008; 3;2889
11; 2008; 4;2897
11; 2008; 5;3262
11; 2008; 6;3642
11; 2008; 7;3334
11; 2008; 8;3068
11; 2008; 9;2499
11; 2008; 10;3215
11; 2008; 11;2042
11; 2008; 12;4373
11; 2009; 1;2514
11; 2009; 2;2490
11; 2009; 3;3489
11; 2009; 4;2669
11; 2009; 5;3345
11; 2009; 6;2765
11; 2009; 7;2849
11; 2009; 8;1975
11; 2009; 9;2458
11; 2009; 10;2183
11; 2009; 11;2753
11; 2009; 12;4304
11; 2010; 1;4577
11; 2010; 2;3803
11; 2010; 3;3086
11; 2010; 4;4019
11; 2010; 5;2657
11; 2010; 6;3477
11; 2010; 7;2529
11; 2010; 8;3280
11; 2010; 9;3534
11; 2010; 10;3182
12; 2005; 1;2971
12; 2005; 2;2917
12; 2005; 3;2478
12; 2005; 4;4683
12; 2005; 5;2629
12; 2005; 6;4445
12; 2005; 7;1872
12; 2005; 8;2769
12; 2005; 9;2601
12; 2005; 10;2028
12; 2005; 11;2632
12; 2005; 12;3562
12; 2006; 1;2773
12; 2006; 2;3765
12; 2006; 3;3375
12; 2006; 4;2665
12; 2006; 5;3237
12; 2006; 6;2120
12; 2006; 7;2356
12; 2006; 8;3357
12; 2006; 9;3401
12; 2006; 10;3561
12; 2006; 11;2419
12; 2006; 12;3219
12; 2007; 1;3242
12; 2007; 2;2591
12; 2007; 3;3654
12; 2007; 4;3324
12; 2007; 5;3504
12; 2007; 6;2290
12; 2007; 7;3113
12; 2007; 8;2729
12; 2007; 9;3253
12; 2007; 10;3495
12; 2007; 11;2713
12; 2007; 12;2774
12; 2008; 1;3624
12; 2008; 2;2939
12; 2008; 3;3037
12; 2008; 4;2652
12; 2008; 5;3868
12; 2008; 6;3361
12; 2008; 7;2363
12; 2008; 8;3502
12; 2008; 9;3707
12; 2008; 10;2369
12; 2008; 11;2112
12; 2008; 12;2492
12; 2009; 1;4726
12; 2009; 2;1979
12; 2009; 3;3367
12; 2009; 4;3588
12; 2009; 5;3213
12; 2009; 6;3228
12; 2009; 7;4211
12; 2009; 8;2993
12; 2009; 9;2547
12; 2009; 10;3034
12; 2009; 11;4254
12; 2009; 12;2679
12; 2010; 1;3895
12; 2010; 2;2376
12; 2010; 3;3082
12; 2010; 4;2527
12; 2010; 5;3108
12; 2010; 6;2808
12; 2010; 7;2770
12; 2010; 8;3250
12; 2010; 9;3106
12; 2010; 10;3012
13; 2005; 1;2871
13; 2005; 2;4210
13; 2005; 3;3032
13; 2005; 4;4275
13; 2005; 5;2680
13; 2005; 6;3635
13; 2005; 7;2982
13; 2005; 8;2877
13; 2005; 9;3242
13; 2005; 10;2973
13; 2005; 11;2555
13; 2005; 12;2702
13; 2006; 1;2413
13; 2006; 2;2406
13; 2006; 3;2880
13; 2006; 4;1939
13; 2006; 5;3287
13; 2006; 6;3113
13; 2006; 7;3638
13; 2006; 8;3243
13; 2006; 9;2768
13; 2006; 10;2796
13; 2006; 11;3160
13; 2006; 12;3946
13; 2007; 1;4058
13; 2007; 2;3171
13; 2007; 3;4605
13; 2007; 4;2688
13; 2007; 5;3399
13; 2007; 6;2868
13; 2007; 7;3365
13; 2007; 8;2992
13; 2007; 9;4166
13; 2007; 10;2991
13; 2007; 11;2666
13; 2007; 12;3329
13; 2008; 1;3489
13; 2008; 2;3797
13; 2008; 3;2643
13; 2008; 4;3786
13; 2008; 5;3180
13; 2008; 6;3044
13; 2008; 7;2131
13; 2008; 8;3165
13; 2008; 9;3727
13; 2008; 10;3034
13; 2008; 11;2787
13; 2008; 12;3642
13; 2009; 1;3360
13; 2009; 2;3274
13; 2009; 3;3385
13; 2009; 4;2942
13; 2009; 5;3157
13; 2009; 6;2554
13; 2009; 7;3870
13; 2009; 8;4502
13; 2009; 9;3449
13; 2009; 10;2048
13; 2009; 11;1764
13; 2009; 12;2184
13; 2010; 1;3213
13; 2010; 2;2500
13; 2010; 3;3720
13; 2010; 4;4393
13; 2010; 5;4134
13; 2010; 6;2710
13; 2010; 7;3691
13; 2010; 8;3402
13; 2010; 9;3253
13; 2010; 10;2808
14; 2005; 1;2095
14; 2005; 2;3560
14; 2005; 3;3561
14; 2005; 4;3351
14; 2005; 5;2806
14; 2005; 6;3488
14; 2005; 7;3170
14; 2005; 8;2722
14; 2005; 9;4223
14; 2005; 10;3813
14; 2005; 11;2897
14; 2005; 12;3317
14; 2006; 1;2299
14; 2006; 2;3358
14; 2006; 3;3154
14; 2006; 4;2347
14; 2006; 5;2722
14; 2006; 6;3379
14; 2006; 7;3527
14; 2006; 8;3404
14; 2006; 9;2992
14; 2006; 10;3810
14; 2006; 11;3569
14; 2006; 12;3547
14; 2007; 1;2869
14; 2007; 2;3191
14; 2007; 3;3843
14; 2007; 4;4436
14; 2007; 5;2795
14; 2007; 6;2356
14; 2007; 7;4137
14; 2007; 8;2757
14; 2007; 9;2258
14; 2007; 10;2983
14; 2007; 11;3560
14; 2007; 12;1855
14; 2008; 1;3560
14; 2008; 2;3017
14; 2008; 3;4167
14; 2008; 4;5182
14; 2008; 5;2217
14; 2008; 6;3530
14; 2008; 7;3070
14; 2008; 8;3142
14; 2008; 9;1553
14; 2008; 10;1428
14; 2008; 11;3364
14; 2008; 12;3547
14; 2009; 1;2987
14; 2009; 2;3623
14; 2009; 3;2813
14; 2009; 4;2474
14; 2009; 5;2966
14; 2009; 6;2081
14; 2009; 7;2487
14; 2009; 8;4735
14; 2009; 9;2634
14; 2009; 10;1666
14; 2009; 11;2878
14; 2009; 12;3554
14; 2010; 1;2555
14; 2010; 2;3474
14; 2010; 3;2075
14; 2010; 4;2715
14; 2010; 5;2801
14; 2010; 6;3045
14; 2010; 7;2457
14; 2010; 8;3895
14; 2010; 9;3327
14; 2010; 10;3279
15; 2005; 1;4064
15; 2005; 2;2902
15; 2005; 3;2936
15; 2005; 4;2940
15; 2005; 5;3267
15; 2005; 6;4174
15; 2005; 7;2951
15; 2005; 8;3549
15; 2005; 9;4059
15; 2005; 10;3539
15; 2005; 11;3482
15; 2005; 12;3251
15; 2006; 1;1677
15; 2006; 2;2639
15; 2006; 3;3614
15; 2006; 4;3602
15; 2006; 5;3120
15; 2006; 6;4124
15; 2006; 7;3837
15; 2006; 8;3735
15; 2006; 9;3182
15; 2006; 10;3355
15; 2006; 11;2039
15; 2006; 12;3078
15; 2007; 1;4039
15; 2007; 2;3343
15; 2007; 3;3212
15; 2007; 4;2065
15; 2007; 5;1596
15; 2007; 6;3884
15; 2007; 7;3218
15; 2007; 8;3266
15; 2007; 9;3359
15; 2007; 10;3678
15; 2007; 11;4274
15; 2007; 12;3765
15; 2008; 1;2999
15; 2008; 2;2137
15; 2008; 3;3705
15; 2008; 4;1914
15; 2008; 5;2427
15; 2008; 6;2928
15; 2008; 7;3634
15; 2008; 8;4090
15; 2008; 9;3515
15; 2008; 10;2981
15; 2008; 11;2206
15; 2008; 12;3989
15; 2009; 1;3073
15; 2009; 2;3328
15; 2009; 3;2280
15; 2009; 4;3005
15; 2009; 5;2607
15; 2009; 6;3535
15; 2009; 7;2304
15; 2009; 8;4296
15; 2009; 9;2167
15; 2009; 10;1930
15; 2009; 11;2775
15; 2009; 12;2314
15; 2010; 1;3038
15; 2010; 2;3434
15; 2010; 3;2453
15; 2010; 4;2922
15; 2010; 5;2527
15; 2010; 6;2938
15; 2010; 7;3435
15; 2010; 8;2899
15; 2010; 9;3707
15; 2010; 10;2913
16; 2005; 1;3329
16; 2005; 2;2106
16; 2005; 3;4133
16; 2005; 4;3020
16; 2005; 5;3643
16; 2005; 6;4073
16; 2005; 7;3280
16; 2005; 8;2574
16; 2005; 9;2904
16; 2005; 10;2713
16; 2005; 11;2224
16; 2005; 12;3489
16; 2006; 1;2682
16; 2006; 2;2770
16; 2006; 3;2715
16; 2006; 4;1681
16; 2006; 5;2745
16; 2006; 6;4092
16; 2006; 7;2920
16; 2006; 8;4240
16; 2006; 9;2846
16; 2006; 10;2986
16; 2006; 11;2086
16; 2006; 12;3631
16; 2007; 1;3400
16; 2007; 2;3392
16; 2007; 3;2991
16; 2007; 4;2057
16; 2007; 5;3244
16; 2007; 6;3290
16; 2007; 7;3402
16; 2007; 8;3291
16; 2007; 9;3680
16; 2007; 10;2588
16; 2007; 11;4387
16; 2007; 12;3223
16; 2008; 1;4157
16; 2008; 2;2601
16; 2008; 3;2732
16; 2008; 4;2987
16; 2008; 5;3537
16; 2008; 6;3884
16; 2008; 7;2578
16; 2008; 8;2976
16; 2008; 9;3382
16; 2008; 10;3747
16; 2008; 11;4085
16; 2008; 12;4435
16; 2009; 1;2806
16; 2009; 2;2319
16; 2009; 3;3850
16; 2009; 4;3136
16; 2009; 5;3521
16; 2009; 6;3350
16; 2009; 7;2948
16; 2009; 8;2458
16; 2009; 9;3563
16; 2009; 10;2550
16; 2009; 11;3072
16; 2009; 12;2069
16; 2010; 1;2870
16; 2010; 2;3835
16; 2010; 3;3795
16; 2010; 4;2980
16; 2010; 5;3443
16; 2010; 6;2637
16; 2010; 7;3462
16; 2010; 8;3437
16; 2010; 9;2792
16; 2010; 10;2822
17; 2005; 1;4230
17; 2005; 2;2766
17; 2005; 3;4558
17; 2005; 4;3897
17; 2005; 5;2914
17; 2005; 6;3353
17; 2005; 7;1545
17; 2005; 8;3035
17; 2005; 9;2872
17; 2005; 10;3207
17; 2005; 11;3478
17; 2005; 12;3406
17; 2006; 1;2036
17; 2006; 2;2239
17; 2006; 3;3295
17; 2006; 4;3410
17; 2006; 5;3317
17; 2006; 6;1826
17; 2006; 7;3117
17; 2006; 8;3476
17; 2006; 9;2280
17; 2006; 10;3944
17; 2006; 11;3415
17; 2006; 12;3825
17; 2007; 1;3150
17; 2007; 2;3173
17; 2007; 3;2650
17; 2007; 4;3268
17; 2007; 5;4059
17; 2007; 6;3231
17; 2007; 7;2982
17; 2007; 8;3590
17; 2007; 9;3172
17; 2007; 10;3417
17; 2007; 11;3654
17; 2007; 12;3274
17; 2008; 1;2343
17; 2008; 2;3755
17; 2008; 3;4269
17; 2008; 4;2662
17; 2008; 5;3870
17; 2008; 6;3068
17; 2008; 7;3266
17; 2008; 8;2771
17; 2008; 9;1935
17; 2008; 10;2247
17; 2008; 11;2673
17; 2008; 12;3372
17; 2009; 1;3355
17; 2009; 2;2149
17; 2009; 3;3546
17; 2009; 4;2813
17; 2009; 5;4236
17; 2009; 6;2605
17; 2009; 7;3311
17; 2009; 8;1999
17; 2009; 9;3222
17; 2009; 10;4675
17; 2009; 11;2625
17; 2009; 12;3582
17; 2010; 1;4118
17; 2010; 2;3016
17; 2010; 3;3699
17; 2010; 4;2571
17; 2010; 5;3703
17; 2010; 6;2859
17; 2010; 7;2962
17; 2010; 8;3175
17; 2010; 9;3110
17; 2010; 10;4561
18; 2005; 1;1386
18; 2005; 2;2786
18; 2005; 3;4843
18; 2005; 4;2506
18; 2005; 5;2626
18; 2005; 6;1971
18; 2005; 7;3561
18; 2005; 8;4071
18; 2005; 9;2696
18; 2005; 10;2991
18; 2005; 11;2951
18; 2005; 12;2840
18; 2006; 1;3918
18; 2006; 2;2857
18; 2006; 3;2718
18; 2006; 4;1998
18; 2006; 5;3873
18; 2006; 6;2723
18; 2006; 7;3678
18; 2006; 8;2350
18; 2006; 9;3665
18; 2006; 10;2337
18; 2006; 11;2690
18; 2006; 12;3398
18; 2007; 1;2423
18; 2007; 2;3032
18; 2007; 3;3462
18; 2007; 4;4146
18; 2007; 5;3634
18; 2007; 6;2400
18; 2007; 7;1541
18; 2007; 8;3354
18; 2007; 9;2939
18; 2007; 10;2750
18; 2007; 11;2193
18; 2007; 12;2774
18; 2008; 1;3024
18; 2008; 2;2252
18; 2008; 3;2826
18; 2008; 4;3750
18; 2008; 5;2704
18; 2008; 6;3641
18; 2008; 7;4234
18; 2008; 8;3592
18; 2008; 9;2850
18; 2008; 10;4214
18; 2008; 11;3733
18; 2008; 12;2904
18; 2009; 1;2474
18; 2009; 2;3775
18; 2009; 3;3390
18; 2009; 4;3006
18; 2009; 5;2325
18; 2009; 6;3052
18; 2009; 7;2554
18; 2009; 8;3586
18; 2009; 9;4248
18; 2009; 10;4269
18; 2009; 11;3848
18; 2009; 12;3353
18; 2010; 1;4784
18; 2010; 2;3336
18; 2010; 3;3462
18; 2010; 4;3980
18; 2010; 5;2608
18; 2010; 6;3157
18; 2010; 7;4414
18; 2010; 8;3219
18; 2010; 9;2834
18; 2010; 10;2862
19; 2005; 1;3524
19; 2005; 2;3227
19; 2005; 3;4558
19; 2005; 4;2841
19; 2005; 5;2589
19; 2005; 6;3227
19; 2005; 7;2739
19; 2005; 8;4429
19; 2005; 9;3085
19; 2005; 10;1735
19; 2005; 11;2458
19; 2005; 12;2835
19; 2006; 1;3190
19; 2006; 2;2255
19; 2006; 3;2712
19; 2006; 4;2167
19; 2006; 5;3286
19; 2006; 6;2456
19; 2006; 7;3005
19; 2006; 8;3317
19; 2006; 9;4332
19; 2006; 10;3534
19; 2006; 11;3521
19; 2006; 12;3148
19; 2007; 1;2961
19; 2007; 2;2849
19; 2007; 3;3773
19; 2007; 4;3738
19; 2007; 5;2613
19; 2007; 6;3807
19; 2007; 7;3491
19; 2007; 8;2394
19; 2007; 9;3208
19; 2007; 10;2568
19; 2007; 11;2909
19; 2007; 12;3486
19; 2008; 1;2176
19; 2008; 2;3038
19; 2008; 3;3644
19; 2008; 4;3777
19; 2008; 5;4655
19; 2008; 6;3425
19; 2008; 7;3358
19; 2008; 8;1905
19; 2008; 9;2677
19; 2008; 10;2920
19; 2008; 11;3144
19; 2008; 12;2686
19; 2009; 1;3594
19; 2009; 2;3148
19; 2009; 3;3854
19; 2009; 4;3738
19; 2009; 5;3505
19; 2009; 6;2929
19; 2009; 7;3533
19; 2009; 8;2375
19; 2009; 9;3982
19; 2009; 10;4063
19; 2009; 11;2957
19; 2009; 12;3197
19; 2010; 1;4448
19; 2010; 2;3163
19; 2010; 3;2992
19; 2010; 4;3397
19; 2010; 5;2423
19; 2010; 6;4066
19; 2010; 7;3779
19; 2010; 8;2985
19; 2010; 9;2413
19; 2010; 10;2545
20; 2005; 1;2917
20; 2005; 2;3525
20; 2005; 3;2393
20; 2005; 4;2508
20; 2005; 5;3158
20; 2005; 6;2946
20; 2005; 7;2984
20; 2005; 8;2632
20; 2005; 9;3592
20; 2005; 10;2572
20; 2005; 11;3053
20; 2005; 12;3055
20; 2006; 1;2759
20; 2006; 2;2876
20; 2006; 3;3646
20; 2006; 4;4174
20; 2006; 5;3869
20; 2006; 6;3107
20; 2006; 7;3116
20; 2006; 8;3792
20; 2006; 9;2248
20; 2006; 10;2491
20; 2006; 11;2983
20; 2006; 12;3890
20; 2007; 1;3376
20; 2007; 2;3261
20; 2007; 3;2115
20; 2007; 4;2776
20; 2007; 5;3086
20; 2007; 6;2646
20; 2007; 7;3204
20; 2007; 8;3263
20; 2007; 9;3421
20; 2007; 10;2409
20; 2007; 11;3899
20; 2007; 12;3356
20; 2008; 1;2802
20; 2008; 2;3052
20; 2008; 3;2172
20; 2008; 4;2549
20; 2008; 5;2458
20; 2008; 6;3470
20; 2008; 7;4060
20; 2008; 8;2563
20; 2008; 9;3243
20; 2008; 10;2036
20; 2008; 11;3009
20; 2008; 12;3479
20; 2009; 1;2380
20; 2009; 2;2773
20; 2009; 3;2610
20; 2009; 4;3206
20; 2009; 5;2561
20; 2009; 6;3116
20; 2009; 7;3672
20; 2009; 8;2706
20; 2009; 9;3118
20; 2009; 10;3734
20; 2009; 11;3005
20; 2009; 12;2159
20; 2010; 1;4197
20; 2010; 2;2346
20; 2010; 3;3107
20; 2010; 4;3897
20; 2010; 5;2344
20; 2010; 6;3494
20; 2010; 7;2498
20; 2010; 8;2245
20; 2010; 9;2539
20; 2010; 10;1596
21; 2005; 1;3230
21; 2005; 2;2963
21; 2005; 3;3196
21; 2005; 4;3054
21; 2005; 5;2842
21; 2005; 6;3381
21; 2005; 7;3132
21; 2005; 8;3792
21; 2005; 9;3403
21; 2005; 10;3063
21; 2005; 11;3011
21; 2005; 12;2833
21; 2006; 1;2997
21; 2006; 2;2671
21; 2006; 3;3759
21; 2006; 4;2658
21; 2006; 5;3080
21; 2006; 6;3382
21; 2006; 7;2244
21; 2006; 8;2581
21; 2006; 9;3147
21; 2006; 10;2987
21; 2006; 11;2893
21; 2006; 12;4368
21; 2007; 1;3118
21; 2007; 2;2749
21; 2007; 3;2800
21; 2007; 4;2899
21; 2007; 5;3129
21; 2007; 6;1947
21; 2007; 7;2995
21; 2007; 8;3584
21; 2007; 9;4326
21; 2007; 10;2463
21; 2007; 11;3738
21; 2007; 12;4061
21; 2008; 1;4459
21; 2008; 2;2892
21; 2008; 3;4034
21; 2008; 4;2573
21; 2008; 5;3327
21; 2008; 6;3593
21; 2008; 7;2567
21; 2008; 8;4017
21; 2008; 9;4148
21; 2008; 10;5149
21; 2008; 11;2517
21; 2008; 12;3787
21; 2009; 1;3272
21; 2009; 2;2156
21; 2009; 3;3357
21; 2009; 4;3942
21; 2009; 5;2504
21; 2009; 6;3297
21; 2009; 7;1733
21; 2009; 8;2045
21; 2009; 9;3553
21; 2009; 10;4581
21; 2009; 11;3883
21; 2009; 12;3811
21; 2010; 1;3523
21; 2010; 2;4411
21; 2010; 3;2616
21; 2010; 4;2922
21; 2010; 5;3138
21; 2010; 6;2400
21; 2010; 7;3470
21; 2010; 8;2715
21; 2010; 9;4381
21; 2010; 10;3314
22; 2005; 1;3644
22; 2005; 2;3008
22; 2005; 3;3522
22; 2005; 4;2465
22; 2005; 5;2865
22; 2005; 6;1963
22; 2005; 7;2439
22; 2005; 8;3013
22; 2005; 9;4145
22; 2005; 10;3218
22; 2005; 11;3686
22; 2005; 12;3971
22; 2006; 1;3337
22; 2006; 2;2355
22; 2006; 3;3517
22; 2006; 4;4422
22; 2006; 5;3141
22; 2006; 6;2767
22; 2006; 7;3172
22; 2006; 8;2012
22; 2006; 9;2750
22; 2006; 10;2815
22; 2006; 11;3354
22; 2006; 12;4087
22; 2007; 1;1276
22; 2007; 2;2311
22; 2007; 3;2570
22; 2007; 4;2543
22; 2007; 5;2593
22; 2007; 6;3597
22; 2007; 7;2537
22; 2007; 8;3699
22; 2007; 9;2715
22; 2007; 10;2331
22; 2007; 11;2513
22; 2007; 12;2803
22; 2008; 1;2189
22; 2008; 2;3141
22; 2008; 3;3583
22; 2008; 4;1648
22; 2008; 5;2608
22; 2008; 6;3651
22; 2008; 7;3451
22; 2008; 8;3370
22; 2008; 9;3448
22; 2008; 10;3315
22; 2008; 11;4352
22; 2008; 12;3149
22; 2009; 1;1957
22; 2009; 2;2362
22; 2009; 3;3653
22; 2009; 4;3604
22; 2009; 5;1722
22; 2009; 6;4000
22; 2009; 7;2030
22; 2009; 8;3371
22; 2009; 9;4150
22; 2009; 10;3469
22; 2009; 11;2763
22; 2009; 12;2705
22; 2010; 1;3381
22; 2010; 2;3330
22; 2010; 3;3435
22; 2010; 4;4303
22; 2010; 5;3453
22; 2010; 6;3443
22; 2010; 7;2904
22; 2010; 8;1420
22; 2010; 9;3237
22; 2010; 10;3040
23; 2005; 1;3270
23; 2005; 2;2845
23; 2005; 3;2998
23; 2005; 4;3024
23; 2005; 5;3216
23; 2005; 6;3240
23; 2005; 7;4518
23; 2005; 8;3297
23; 2005; 9;2481
23; 2005; 10;2663
23; 2005; 11;4150
23; 2005; 12;3428
23; 2006; 1;3459
23; 2006; 2;3282
23; 2006; 3;2708
23; 2006; 4;3446
23; 2006; 5;3441
23; 2006; 6;3199
23; 2006; 7;2846
23; 2006; 8;3149
23; 2006; 9;2406
23; 2006; 10;3478
23; 2006; 11;3437
23; 2006; 12;4401
23; 2007; 1;3151
23; 2007; 2;2216
23; 2007; 3;1998
23; 2007; 4;2590
23; 2007; 5;4058
23; 2007; 6;2922
23; 2007; 7;2963
23; 2007; 8;3586
23; 2007; 9;2751
23; 2007; 10;2763
23; 2007; 11;2969
23; 2007; 12;3212
23; 2008; 1;2429
23; 2008; 2;3350
23; 2008; 3;3430
23; 2008; 4;2549
23; 2008; 5;2920
23; 2008; 6;2988
23; 2008; 7;2788
23; 2008; 8;2577
23; 2008; 9;4223
23; 2008; 10;3723
23; 2008; 11;2812
23; 2008; 12;3411
23; 2009; 1;2231
23; 2009; 2;2268
23; 2009; 3;2971
23; 2009; 4;3133
23; 2009; 5;4128
23; 2009; 6;3262
23; 2009; 7;2773
23; 2009; 8;1617
23; 2009; 9;2414
23; 2009; 10;3984
23; 2009; 11;3916
23; 2009; 12;3365
23; 2010; 1;4600
23; 2010; 2;3354
23; 2010; 3;3002
23; 2010; 4;4757
23; 2010; 5;4055
23; 2010; 6;2188
23; 2010; 7;2990
23; 2010; 8;2779
23; 2010; 9;3567
23; 2010; 10;4080
24; 2005; 1;3467
24; 2005; 2;3228
24; 2005; 3;3334
24; 2005; 4;2894
24; 2005; 5;4041
24; 2005; 6;3380
24; 2005; 7;2631
24; 2005; 8;3681
24; 2005; 9;2318
24; 2005; 10;3058
24; 2005; 11;2620
24; 2005; 12;3897
24; 2006; 1;3405
24; 2006; 2;2917
24; 2006; 3;2811
24; 2006; 4;3464
24; 2006; 5;4049
24; 2006; 6;3034
24; 2006; 7;3062
24; 2006; 8;3305
24; 2006; 9;2361
24; 2006; 10;4859
24; 2006; 11;3981
24; 2006; 12;4209
24; 2007; 1;3969
24; 2007; 2;3185
24; 2007; 3;2806
24; 2007; 4;2666
24; 2007; 5;4670
24; 2007; 6;3397
24; 2007; 7;2290
24; 2007; 8;3459
24; 2007; 9;2282
24; 2007; 10;3421
24; 2007; 11;2266
24; 2007; 12;2353
24; 2008; 1;4230
24; 2008; 2;2224
24; 2008; 3;3235
24; 2008; 4;2822
24; 2008; 5;3842
24; 2008; 6;4160
24; 2008; 7;3264
24; 2008; 8;1119
24; 2008; 9;1910
24; 2008; 10;3522
24; 2008; 11;2723
24; 2008; 12;4209
24; 2009; 1;2555
24; 2009; 2;3042
24; 2009; 3;3232
24; 2009; 4;1633
24; 2009; 5;2852
24; 2009; 6;3637
24; 2009; 7;3921
24; 2009; 8;4658
24; 2009; 9;3777
24; 2009; 10;4055
24; 2009; 11;2898
24; 2009; 12;3128
24; 2010; 1;3391
24; 2010; 2;2066
24; 2010; 3;3630
24; 2010; 4;2713
24; 2010; 5;3607
24; 2010; 6;3895
24; 2010; 7;3438
24; 2010; 8;2913
24; 2010; 9;1586
24; 2010; 10;2101
25; 2005; 1;2914
25; 2005; 2;2349
25; 2005; 3;2751
25; 2005; 4;2524
25; 2005; 5;2547
25; 2005; 6;2907
25; 2005; 7;3457
25; 2005; 8;2496
25; 2005; 9;2694
25; 2005; 10;3414
25; 2005; 11;3828
25; 2005; 12;2214
25; 2006; 1;2077
25; 2006; 2;4100
25; 2006; 3;3915
25; 2006; 4;3117
25; 2006; 5;2942
25; 2006; 6;2916
25; 2006; 7;2850
25; 2006; 8;3084
25; 2006; 9;2739
25; 2006; 10;1955
25; 2006; 11;2296
25; 2006; 12;2154
25; 2007; 1;2703
25; 2007; 2;2867
25; 2007; 3;3117
25; 2007; 4;2956
25; 2007; 5;3299
25; 2007; 6;2689
25; 2007; 7;3185
25; 2007; 8;3916
25; 2007; 9;2252
25; 2007; 10;3108
25; 2007; 11;3786
25; 2007; 12;3368
25; 2008; 1;2997
25; 2008; 2;2742
25; 2008; 3;2777
25; 2008; 4;3271
25; 2008; 5;3219
25; 2008; 6;2886
25; 2008; 7;2049
25; 2008; 8;3628
25; 2008; 9;3780
25; 2008; 10;5004
25; 2008; 11;2706
25; 2008; 12;2605
25; 2009; 1;3110
25; 2009; 2;1832
25; 2009; 3;3327
25; 2009; 4;3027
25; 2009; 5;3752
25; 2009; 6;2424
25; 2009; 7;2478
25; 2009; 8;2339
25; 2009; 9;3598
25; 2009; 10;2952
25; 2009; 11;2881
25; 2009; 12;2180
25; 2010; 1;3094
25; 2010; 2;2854
25; 2010; 3;2999
25; 2010; 4;3386
25; 2010; 5;3457
25; 2010; 6;3167
25; 2010; 7;3917
25; 2010; 8;3556
25; 2010; 9;4085
25; 2010; 10;2990
26; 2005; 1;3216
26; 2005; 2;1780
26; 2005; 3;4843
26; 2005; 4;3982
26; 2005; 5;2855
26; 2005; 6;3126
26; 2005; 7;3003
26; 2005; 8;2417
26; 2005; 9;2076
26; 2005; 10;3387
26; 2005; 11;2171
26; 2005; 12;2021
26; 2006; 1;3864
26; 2006; 2;3104
26; 2006; 3;3287
26; 2006; 4;3266
26; 2006; 5;2484
26; 2006; 6;3627
26; 2006; 7;3003
26; 2006; 8;2956
26; 2006; 9;4139
26; 2006; 10;3315
26; 2006; 11;3030
26; 2006; 12;2873
26; 2007; 1;3495
26; 2007; 2;3855
26; 2007; 3;1653
26; 2007; 4;3885
26; 2007; 5;3155
26; 2007; 6;4064
26; 2007; 7;3364
26; 2007; 8;3226
26; 2007; 9;2795
26; 2007; 10;3013
26; 2007; 11;4095
26; 2007; 12;2961
26; 2008; 1;3528
26; 2008; 2;2948
26; 2008; 3;2831
26; 2008; 4;4471
26; 2008; 5;3032
26; 2008; 6;3559
26; 2008; 7;4001
26; 2008; 8;2908
26; 2008; 9;2599
26; 2008; 10;4336
26; 2008; 11;2573
26; 2008; 12;3564
26; 2009; 1;3678
26; 2009; 2;2359
26; 2009; 3;4106
26; 2009; 4;3652
26; 2009; 5;2780
26; 2009; 6;2131
26; 2009; 7;4274
26; 2009; 8;2988
26; 2009; 9;3141
26; 2009; 10;3758
26; 2009; 11;3311
26; 2009; 12;2507
26; 2010; 1;3398
26; 2010; 2;2132
26; 2010; 3;1997
26; 2010; 4;3005
26; 2010; 5;3549
26; 2010; 6;3404
26; 2010; 7;3582
26; 2010; 8;4604
26; 2010; 9;3067
26; 2010; 10;3128
27; 2005; 1;2738
27; 2005; 2;3765
27; 2005; 3;4733
27; 2005; 4;3564
27; 2005; 5;2404
27; 2005; 6;2703
27; 2005; 7;3657
27; 2005; 8;4019
27; 2005; 9;3361
27; 2005; 10;4570
27; 2005; 11;3608
27; 2005; 12;2131
27; 2006; 1;2972
27; 2006; 2;2949
27; 2006; 3;2267
27; 2006; 4;2998
27; 2006; 5;3806
27; 2006; 6;2498
27; 2006; 7;3368
27; 2006; 8;2922
27; 2006; 9;2460
27; 2006; 10;3323
27; 2006; 11;2819
27; 2006; 12;3418
27; 2007; 1;2632
27; 2007; 2;3055
27; 2007; 3;2309
27; 2007; 4;3255
27; 2007; 5;3398
27; 2007; 6;4219
27; 2007; 7;3517
27; 2007; 8;2699
27; 2007; 9;2853
27; 2007; 10;3074
27; 2007; 11;3168
27; 2007; 12;4322
27; 2008; 1;3054
27; 2008; 2;3229
27; 2008; 3;3901
27; 2008; 4;2596
27; 2008; 5;4527
27; 2008; 6;3023
27; 2008; 7;2698
27; 2008; 8;2742
27; 2008; 9;2285
27; 2008; 10;4514
27; 2008; 11;3453
27; 2008; 12;4054
27; 2009; 1;3086
27; 2009; 2;2967
27; 2009; 3;2777
27; 2009; 4;3533
27; 2009; 5;3333
27; 2009; 6;2959
27; 2009; 7;3403
27; 2009; 8;2811
27; 2009; 9;4134
27; 2009; 10;2672
27; 2009; 11;3086
27; 2009; 12;2257
27; 2010; 1;3927
27; 2010; 2;2318
27; 2010; 3;3820
27; 2010; 4;1974
27; 2010; 5;3255
27; 2010; 6;4171
27; 2010; 7;4603
27; 2010; 8;4236
27; 2010; 9;3173
27; 2010; 10;3666
28; 2005; 1;3203
28; 2005; 2;2316
28; 2005; 3;2737
28; 2005; 4;2687
28; 2005; 5;3563
28; 2005; 6;2496
28; 2005; 7;2774
28; 2005; 8;3703
28; 2005; 9;3462
28; 2005; 10;2916
28; 2005; 11;2749
28; 2005; 12;3707
28; 2006; 1;3405
28; 2006; 2;3697
28; 2006; 3;4208
28; 2006; 4;2939
28; 2006; 5;2519
28; 2006; 6;3069
28; 2006; 7;2037
28; 2006; 8;2187
28; 2006; 9;3592
28; 2006; 10;2870
28; 2006; 11;3558
28; 2006; 12;2085
28; 2007; 1;2355
28; 2007; 2;3157
28; 2007; 3;2470
28; 2007; 4;3395
28; 2007; 5;2947
28; 2007; 6;3529
28; 2007; 7;2886
28; 2007; 8;3228
28; 2007; 9;3265
28; 2007; 10;3326
28; 2007; 11;2797
28; 2007; 12;3432
28; 2008; 1;3905
28; 2008; 2;2924
28; 2008; 3;2930
28; 2008; 4;3663
28; 2008; 5;3172
28; 2008; 6;3845
28; 2008; 7;3459
28; 2008; 8;2495
28; 2008; 9;2422
28; 2008; 10;4119
28; 2008; 11;2713
28; 2008; 12;2095
28; 2009; 1;2460
28; 2009; 2;2265
28; 2009; 3;3214
28; 2009; 4;2254
28; 2009; 5;3521
28; 2009; 6;3214
28; 2009; 7;2262
28; 2009; 8;3208
28; 2009; 9;1534
28; 2009; 10;3307
28; 2009; 11;2057
28; 2009; 12;2227
28; 2010; 1;3543
28; 2010; 2;3181
28; 2010; 3;2798
28; 2010; 4;3613
28; 2010; 5;3123
28; 2010; 6;2201
28; 2010; 7;3296
28; 2010; 8;3470
28; 2010; 9;2063
28; 2010; 10;2832
29; 2005; 1;3261
29; 2005; 2;2539
29; 2005; 3;3242
29; 2005; 4;3570
29; 2005; 5;3018
29; 2005; 6;2207
29; 2005; 7;2218
29; 2005; 8;3327
29; 2005; 9;2259
29; 2005; 10;3017
29; 2005; 11;2748
29; 2005; 12;4551
29; 2006; 1;3395
29; 2006; 2;3578
29; 2006; 3;2896
29; 2006; 4;3256
29; 2006; 5;2673
29; 2006; 6;2777
29; 2006; 7;2749
29; 2006; 8;2659
29; 2006; 9;2001
29; 2006; 10;3588
29; 2006; 11;2796
29; 2006; 12;2998
29; 2007; 1;3859
29; 2007; 2;3341
29; 2007; 3;3627
29; 2007; 4;2410
29; 2007; 5;3884
29; 2007; 6;3078
29; 2007; 7;3771
29; 2007; 8;3150
29; 2007; 9;3630
29; 2007; 10;2351
29; 2007; 11;3558
29; 2007; 12;2148
29; 2008; 1;3343
29; 2008; 2;2668
29; 2008; 3;2740
29; 2008; 4;2283
29; 2008; 5;3427
29; 2008; 6;2256
29; 2008; 7;2707
29; 2008; 8;5621
29; 2008; 9;2622
29; 2008; 10;3374
29; 2008; 11;3323
29; 2008; 12;3303
29; 2009; 1;2272
29; 2009; 2;2857
29; 2009; 3;3352
29; 2009; 4;3750
29; 2009; 5;2663
29; 2009; 6;3301
29; 2009; 7;3870
29; 2009; 8;3192
29; 2009; 9;3583
29; 2009; 10;3696
29; 2009; 11;2226
29; 2009; 12;3634
29; 2010; 1;2510
29; 2010; 2;2981
29; 2010; 3;3452
29; 2010; 4;3021
29; 2010; 5;2963
29; 2010; 6;3597
29; 2010; 7;2811
29; 2010; 8;5746
29; 2010; 9;3403
29; 2010; 10;3395
30; 2005; 1;2287
30; 2005; 2;2489
30; 2005; 3;3058
30; 2005; 4;3079
30; 2005; 5;3662
30; 2005; 6;3185
30; 2005; 7;2641
30; 2005; 8;2918
30; 2005; 9;2943
30; 2005; 10;3016
30; 2005; 11;3982
30; 2005; 12;3200
30; 2006; 1;3661
30; 2006; 2;3086
30; 2006; 3;3031
30; 2006; 4;3015
30; 2006; 5;3378
30; 2006; 6;2573
30; 2006; 7;2470
30; 2006; 8;2159
30; 2006; 9;2968
30; 2006; 10;3798
30; 2006; 11;3976
30; 2006; 12;3610
30; 2007; 1;3620
30; 2007; 2;3012
30; 2007; 3;3441
30; 2007; 4;2521
30; 2007; 5;3539
30; 2007; 6;3741
30; 2007; 7;3591
30; 2007; 8;3028
30; 2007; 9;2397
30; 2007; 10;2433
30; 2007; 11;3674
30; 2007; 12;3746
30; 2008; 1;3111
30; 2008; 2;3353
30; 2008; 3;2286
30; 2008; 4;4394
30; 2008; 5;3035
30; 2008; 6;3111
30; 2008; 7;3171
30; 2008; 8;2834
30; 2008; 9;4277
30; 2008; 10;4453
30; 2008; 11;3953
30; 2008; 12;2605
30; 2009; 1;3045
30; 2009; 2;3008
30; 2009; 3;2964
30; 2009; 4;3518
30; 2009; 5;4097
30; 2009; 6;2163
30; 2009; 7;2931
30; 2009; 8;1803
30; 2009; 9;2059
30; 2009; 10;3512
30; 2009; 11;2715
30; 2009; 12;4757
30; 2010; 1;3528
30; 2010; 2;2635
30; 2010; 3;3052
30; 2010; 4;2935
30; 2010; 5;3423
30; 2010; 6;2188
30; 2010; 7;1674
30; 2010; 8;3481
30; 2010; 9;3135
30; 2010; 10;3276
31; 2005; 1;2844
31; 2005; 2;3070
31; 2005; 3;3272
31; 2005; 4;2822
31; 2005; 5;3520
31; 2005; 6;3127
31; 2005; 7;3569
31; 2005; 8;3182
31; 2005; 9;2971
31; 2005; 10;3957
31; 2005; 11;2848
31; 2005; 12;2987
31; 2006; 1;1453
31; 2006; 2;2267
31; 2006; 3;2422
31; 2006; 4;3228
31; 2006; 5;4372
31; 2006; 6;2402
31; 2006; 7;3012
31; 2006; 8;2874
31; 2006; 9;1867
31; 2006; 10;3459
31; 2006; 11;3937
31; 2006; 12;2304
31; 2007; 1;3089
31; 2007; 2;2588
31; 2007; 3;3166
31; 2007; 4;3457
31; 2007; 5;4300
31; 2007; 6;2849
31; 2007; 7;3270
31; 2007; 8;4366
31; 2007; 9;2716
31; 2007; 10;3190
31; 2007; 11;2862
31; 2007; 12;2793
31; 2008; 1;3372
31; 2008; 2;3139
31; 2008; 3;3767
31; 2008; 4;3779
31; 2008; 5;3329
31; 2008; 6;3349
31; 2008; 7;4597
31; 2008; 8;3394
31; 2008; 9;2407
31; 2008; 10;3267
31; 2008; 11;2438
31; 2008; 12;3078
31; 2009; 1;3817
31; 2009; 2;2774
31; 2009; 3;3577
31; 2009; 4;2463
31; 2009; 5;2376
31; 2009; 6;2844
31; 2009; 7;2828
31; 2009; 8;3124
31; 2009; 9;3170
31; 2009; 10;2548
31; 2009; 11;2342
31; 2009; 12;3107
31; 2010; 1;4015
31; 2010; 2;2741
31; 2010; 3;3613
31; 2010; 4;3089
31; 2010; 5;3594
31; 2010; 6;3482
31; 2010; 7;2958
31; 2010; 8;2619
31; 2010; 9;2713
31; 2010; 10;2459
32; 2005; 1;3844
32; 2005; 2;1857
32; 2005; 3;3342
32; 2005; 4;1642
32; 2005; 5;1749
32; 2005; 6;3117
32; 2005; 7;3315
32; 2005; 8;3722
32; 2005; 9;3552
32; 2005; 10;2650
32; 2005; 11;3391
32; 2005; 12;2818
32; 2006; 1;4668
32; 2006; 2;2159
32; 2006; 3;3189
32; 2006; 4;2914
32; 2006; 5;3292
32; 2006; 6;2715
32; 2006; 7;4550
32; 2006; 8;2282
32; 2006; 9;2580
32; 2006; 10;3939
32; 2006; 11;3726
32; 2006; 12;4415
32; 2007; 1;3132
32; 2007; 2;2316
32; 2007; 3;2661
32; 2007; 4;2486
32; 2007; 5;4132
32; 2007; 6;2013
32; 2007; 7;2661
32; 2007; 8;2429
32; 2007; 9;3072
32; 2007; 10;2106
32; 2007; 11;2730
32; 2007; 12;2294
32; 2008; 1;4281
32; 2008; 2;3259
32; 2008; 3;3547
32; 2008; 4;3062
32; 2008; 5;2341
32; 2008; 6;3068
32; 2008; 7;3159
32; 2008; 8;2888
32; 2008; 9;1809
32; 2008; 10;3424
32; 2008; 11;3544
32; 2008; 12;3323
32; 2009; 1;3226
32; 2009; 2;2711
32; 2009; 3;3270
32; 2009; 4;3557
32; 2009; 5;2377
32; 2009; 6;2169
32; 2009; 7;2535
32; 2009; 8;2169
32; 2009; 9;3364
32; 2009; 10;1405
32; 2009; 11;2906
32; 2009; 12;3040
32; 2010; 1;3072
32; 2010; 2;3030
32; 2010; 3;2641
32; 2010; 4;2325
32; 2010; 5;2870
32; 2010; 6;4055
32; 2010; 7;2290
32; 2010; 8;2838
32; 2010; 9;2770
32; 2010; 10;2653
33; 2005; 1;2552
33; 2005; 2;2808
33; 2005; 3;3954
33; 2005; 4;1988
33; 2005; 5;2449
33; 2005; 6;3476
33; 2005; 7;2797
33; 2005; 8;2914
33; 2005; 9;2706
33; 2005; 10;4565
33; 2005; 11;2203
33; 2005; 12;3405
33; 2006; 1;3964
33; 2006; 2;3939
33; 2006; 3;3271
33; 2006; 4;3441
33; 2006; 5;3445
33; 2006; 6;2665
33; 2006; 7;3693
33; 2006; 8;2701
33; 2006; 9;3361
33; 2006; 10;3229
33; 2006; 11;3959
33; 2006; 12;2460
33; 2007; 1;3271
33; 2007; 2;3557
33; 2007; 3;3585
33; 2007; 4;3506
33; 2007; 5;2712
33; 2007; 6;4464
33; 2007; 7;2930
33; 2007; 8;3471
33; 2007; 9;5260
33; 2007; 10;2254
33; 2007; 11;4455
33; 2007; 12;2855
33; 2008; 1;2218
33; 2008; 2;3229
33; 2008; 3;3296
33; 2008; 4;3338
33; 2008; 5;2396
33; 2008; 6;3826
33; 2008; 7;2890
33; 2008; 8;2319
33; 2008; 9;3352
33; 2008; 10;3396
33; 2008; 11;2637
33; 2008; 12;2629
33; 2009; 1;3685
33; 2009; 2;3836
33; 2009; 3;2386
33; 2009; 4;2640
33; 2009; 5;3698
33; 2009; 6;2319
33; 2009; 7;2719
33; 2009; 8;3098
33; 2009; 9;2738
33; 2009; 10;2552
33; 2009; 11;3206
33; 2009; 12;3180
33; 2010; 1;3434
33; 2010; 2;2210
33; 2010; 3;2861
33; 2010; 4;3245
33; 2010; 5;3913
33; 2010; 6;2529
33; 2010; 7;2651
33; 2010; 8;3484
33; 2010; 9;2390
33; 2010; 10;3599
34; 2005; 1;3379
34; 2005; 2;2976
34; 2005; 3;3502
34; 2005; 4;3013
34; 2005; 5;3175
34; 2005; 6;2695
34; 2005; 7;2066
34; 2005; 8;2903
34; 2005; 9;3483
34; 2005; 10;3719
34; 2005; 11;3090
34; 2005; 12;2849
34; 2006; 1;2896
34; 2006; 2;3491
34; 2006; 3;3471
34; 2006; 4;3875
34; 2006; 5;3098
34; 2006; 6;4155
34; 2006; 7;2858
34; 2006; 8;3366
34; 2006; 9;3301
34; 2006; 10;2479
34; 2006; 11;2292
34; 2006; 12;4059
34; 2007; 1;2901
34; 2007; 2;2455
34; 2007; 3;3466
34; 2007; 4;2547
34; 2007; 5;3201
34; 2007; 6;3614
34; 2007; 7;2899
34; 2007; 8;2643
34; 2007; 9;3734
34; 2007; 10;3550
34; 2007; 11;2532
34; 2007; 12;3170
34; 2008; 1;4106
34; 2008; 2;2962
34; 2008; 3;4540
34; 2008; 4;2735
34; 2008; 5;3389
34; 2008; 6;2656
34; 2008; 7;2977
34; 2008; 8;3522
34; 2008; 9;3175
34; 2008; 10;1985
34; 2008; 11;3027
34; 2008; 12;4212
34; 2009; 1;2988
34; 2009; 2;3144
34; 2009; 3;2831
34; 2009; 4;2144
34; 2009; 5;4175
34; 2009; 6;3021
34; 2009; 7;2864
34; 2009; 8;3082
34; 2009; 9;3249
34; 2009; 10;2353
34; 2009; 11;3961
34; 2009; 12;4372
34; 2010; 1;2978
34; 2010; 2;3227
34; 2010; 3;3702
34; 2010; 4;3088
34; 2010; 5;1934
34; 2010; 6;2861
34; 2010; 7;3192
34; 2010; 8;3099
34; 2010; 9;2853
34; 2010; 10;2313
35; 2005; 1;2824
35; 2005; 2;2819
35; 2005; 3;3814
35; 2005; 4;3697
35; 2005; 5;2367
35; 2005; 6;2320
35; 2005; 7;2382
35; 2005; 8;3247
35; 2005; 9;3554
35; 2005; 10;2623
35; 2005; 11;2720
35; 2005; 12;3778
35; 2006; 1;3292
35; 2006; 2;2474
35; 2006; 3;3221
35; 2006; 4;2161
35; 2006; 5;2732
35; 2006; 6;3758
35; 2006; 7;3204
35; 2006; 8;2578
35; 2006; 9;3286
35; 2006; 10;2645
35; 2006; 11;2371
35; 2006; 12;3847
35; 2007; 1;2221
35; 2007; 2;2088
35; 2007; 3;2572
35; 2007; 4;3418
35; 2007; 5;3048
35; 2007; 6;2700
35; 2007; 7;3432
35; 2007; 8;3142
35; 2007; 9;3870
35; 2007; 10;2564
35; 2007; 11;2601
35; 2007; 12;2249
35; 2008; 1;4637
35; 2008; 2;2067
35; 2008; 3;3131
35; 2008; 4;4090
35; 2008; 5;4142
35; 2008; 6;2206
35; 2008; 7;2916
35; 2008; 8;2687
35; 2008; 9;3023
35; 2008; 10;3894
35; 2008; 11;3430
35; 2008; 12;2956
35; 2009; 1;3647
35; 2009; 2;2608
35; 2009; 3;2785
35; 2009; 4;2867
35; 2009; 5;2421
35; 2009; 6;2261
35; 2009; 7;3610
35; 2009; 8;3971
35; 2009; 9;4282
35; 2009; 10;2857
35; 2009; 11;2927
35; 2009; 12;2172
35; 2010; 1;2665
35; 2010; 2;1707
35; 2010; 3;3373
35; 2010; 4;2483
35; 2010; 5;2762
35; 2010; 6;3241
35; 2010; 7;3163
35; 2010; 8;2974
35; 2010; 9;2773
35; 2010; 10;2447
36; 2005; 1;2649
36; 2005; 2;1867
36; 2005; 3;2621
36; 2005; 4;2681
36; 2005; 5;3213
36; 2005; 6;2921
36; 2005; 7;4632
36; 2005; 8;2512
36; 2005; 9;1958
36; 2005; 10;2680
36; 2005; 11;3090
36; 2005; 12;3339
36; 2006; 1;2790
36; 2006; 2;3442
36; 2006; 3;3508
36; 2006; 4;2498
36; 2006; 5;3015
36; 2006; 6;2580
36; 2006; 7;3612
36; 2006; 8;3329
36; 2006; 9;3323
36; 2006; 10;3855
36; 2006; 11;2302
36; 2006; 12;4192
36; 2007; 1;4075
36; 2007; 2;2987
36; 2007; 3;1487
36; 2007; 4;3162
36; 2007; 5;4273
36; 2007; 6;3391
36; 2007; 7;2556
36; 2007; 8;3339
36; 2007; 9;2836
36; 2007; 10;3558
36; 2007; 11;2623
36; 2007; 12;2243
36; 2008; 1;2126
36; 2008; 2;3162
36; 2008; 3;2742
36; 2008; 4;3058
36; 2008; 5;3037
36; 2008; 6;2855
36; 2008; 7;2961
36; 2008; 8;3106
36; 2008; 9;2510
36; 2008; 10;3198
36; 2008; 11;3212
36; 2008; 12;2483
36; 2009; 1;2847
36; 2009; 2;3168
36; 2009; 3;4426
36; 2009; 4;2899
36; 2009; 5;3105
36; 2009; 6;3722
36; 2009; 7;3084
36; 2009; 8;3285
36; 2009; 9;2799
36; 2009; 10;3584
36; 2009; 11;2633
36; 2009; 12;2505
36; 2010; 1;2247
36; 2010; 2;2836
36; 2010; 3;4068
36; 2010; 4;2626
36; 2010; 5;2206
36; 2010; 6;4244
36; 2010; 7;4482
36; 2010; 8;4011
36; 2010; 9;3925
36; 2010; 10;3823
37; 2005; 1;2853
37; 2005; 2;1478
37; 2005; 3;2612
37; 2005; 4;3356
37; 2005; 5;3094
37; 2005; 6;2177
37; 2005; 7;4322
37; 2005; 8;3628
37; 2005; 9;2576
37; 2005; 10;2404
37; 2005; 11;2884
37; 2005; 12;2804
37; 2006; 1;3010
37; 2006; 2;3105
37; 2006; 3;2814
37; 2006; 4;2880
37; 2006; 5;3517
37; 2006; 6;2634
37; 2006; 7;1738
37; 2006; 8;3160
37; 2006; 9;2831
37; 2006; 10;3557
37; 2006; 11;2648
37; 2006; 12;2816
37; 2007; 1;2751
37; 2007; 2;2765
37; 2007; 3;3625
37; 2007; 4;2747
37; 2007; 5;1971
37; 2007; 6;2865
37; 2007; 7;2631
37; 2007; 8;2317
37; 2007; 9;3994
37; 2007; 10;4390
37; 2007; 11;2747
37; 2007; 12;2758
37; 2008; 1;2105
37; 2008; 2;2682
37; 2008; 3;4075
37; 2008; 4;2771
37; 2008; 5;2916
37; 2008; 6;3030
37; 2008; 7;3182
37; 2008; 8;2996
37; 2008; 9;1734
37; 2008; 10;3369
37; 2008; 11;3151
37; 2008; 12;3539
37; 2009; 1;3092
37; 2009; 2;3229
37; 2009; 3;3918
37; 2009; 4;2076
37; 2009; 5;3053
37; 2009; 6;2131
37; 2009; 7;3335
37; 2009; 8;2920
37; 2009; 9;3482
37; 2009; 10;3029
37; 2009; 11;3893
37; 2009; 12;4239
37; 2010; 1;4032
37; 2010; 2;2824
37; 2010; 3;3974
37; 2010; 4;3144
37; 2010; 5;2185
37; 2010; 6;3465
37; 2010; 7;3874
37; 2010; 8;3084
37; 2010; 9;3110
37; 2010; 10;2336
38; 2005; 1;4193
38; 2005; 2;2312
38; 2005; 3;3024
38; 2005; 4;3115
38; 2005; 5;3244
38; 2005; 6;2423
38; 2005; 7;3046
38; 2005; 8;2978
38; 2005; 9;3213
38; 2005; 10;2502
38; 2005; 11;1990
38; 2005; 12;2689
38; 2006; 1;2898
38; 2006; 2;4488
38; 2006; 3;2569
38; 2006; 4;3016
38; 2006; 5;3359
38; 2006; 6;3964
38; 2006; 7;2280
38; 2006; 8;2872
38; 2006; 9;3970
38; 2006; 10;3166
38; 2006; 11;3177
38; 2006; 12;2111
38; 2007; 1;3463
38; 2007; 2;3388
38; 2007; 3;2196
38; 2007; 4;3025
38; 2007; 5;3598
38; 2007; 6;3806
38; 2007; 7;3684
38; 2007; 8;2915
38; 2007; 9;1824
38; 2007; 10;2845
38; 2007; 11;3363
38; 2007; 12;3253
38; 2008; 1;2405
38; 2008; 2;3541
38; 2008; 3;2287
38; 2008; 4;2477
38; 2008; 5;2845
38; 2008; 6;3306
38; 2008; 7;1935
38; 2008; 8;3303
38; 2008; 9;3010
38; 2008; 10;3203
38; 2008; 11;3848
38; 2008; 12;5836
38; 2009; 1;3637
38; 2009; 2;2254
38; 2009; 3;3296
38; 2009; 4;2954
38; 2009; 5;2225
38; 2009; 6;3402
38; 2009; 7;3505
38; 2009; 8;2685
38; 2009; 9;3976
38; 2009; 10;2535
38; 2009; 11;1887
38; 2009; 12;4534
38; 2010; 1;3173
38; 2010; 2;2477
38; 2010; 3;3757
38; 2010; 4;3518
38; 2010; 5;3141
38; 2010; 6;2618
38; 2010; 7;2927
38; 2010; 8;3610
38; 2010; 9;3515
38; 2010; 10;3622
39; 2005; 1;4212
39; 2005; 2;1958
39; 2005; 3;2976
39; 2005; 4;3300
39; 2005; 5;2447
39; 2005; 6;1910
39; 2005; 7;2653
39; 2005; 8;1896
39; 2005; 9;3034
39; 2005; 10;3007
39; 2005; 11;2327
39; 2005; 12;2968
39; 2006; 1;3509
39; 2006; 2;2212
39; 2006; 3;3616
39; 2006; 4;2405
39; 2006; 5;3004
39; 2006; 6;2298
39; 2006; 7;2449
39; 2006; 8;3960
39; 2006; 9;3279
39; 2006; 10;4393
39; 2006; 11;3013
39; 2006; 12;2724
39; 2007; 1;4042
39; 2007; 2;2212
39; 2007; 3;3991
39; 2007; 4;2538
39; 2007; 5;1856
39; 2007; 6;2711
39; 2007; 7;3011
39; 2007; 8;3014
39; 2007; 9;3336
39; 2007; 10;2558
39; 2007; 11;2214
39; 2007; 12;3199
39; 2008; 1;2617
39; 2008; 2;3004
39; 2008; 3;3049
39; 2008; 4;4057
39; 2008; 5;3188
39; 2008; 6;3274
39; 2008; 7;3041
39; 2008; 8;3581
39; 2008; 9;1939
39; 2008; 10;2902
39; 2008; 11;2481
39; 2008; 12;2616
39; 2009; 1;3041
39; 2009; 2;2108
39; 2009; 3;3235
39; 2009; 4;4335
39; 2009; 5;3299
39; 2009; 6;3185
39; 2009; 7;3579
39; 2009; 8;3212
39; 2009; 9;3050
39; 2009; 10;2519
39; 2009; 11;3516
39; 2009; 12;3201
39; 2010; 1;2790
39; 2010; 2;2944
39; 2010; 3;3216
39; 2010; 4;2107
39; 2010; 5;5052
39; 2010; 6;3109
39; 2010; 7;3049
39; 2010; 8;2219
39; 2010; 9;3259
39; 2010; 10;3068
40; 2005; 1;2497
40; 2005; 2;2798
40; 2005; 3;2013
40; 2005; 4;3179
40; 2005; 5;2321
40; 2005; 6;3269
40; 2005; 7;2470
40; 2005; 8;3490
40; 2005; 9;3318
40; 2005; 10;4333
40; 2005; 11;3695
40; 2005; 12;3703
40; 2006; 1;3410
40; 2006; 2;3109
40; 2006; 3;2737
40; 2006; 4;2931
40; 2006; 5;3062
40; 2006; 6;2664
40; 2006; 7;3134
40; 2006; 8;2014
40; 2006; 9;2049
40; 2006; 10;2484
40; 2006; 11;3199
40; 2006; 12;2434
40; 2007; 1;3692
40; 2007; 2;4007
40; 2007; 3;2805
40; 2007; 4;2177
40; 2007; 5;2926
40; 2007; 6;3612
40; 2007; 7;4358
40; 2007; 8;4433
40; 2007; 9;3824
40; 2007; 10;3314
40; 2007; 11;3561
40; 2007; 12;1924
40; 2008; 1;2957
40; 2008; 2;3503
40; 2008; 3;2869
40; 2008; 4;4180
40; 2008; 5;3558
40; 2008; 6;3084
40; 2008; 7;2268
40; 2008; 8;2484
40; 2008; 9;2603
40; 2008; 10;2873
40; 2008; 11;3204
40; 2008; 12;3891
40; 2009; 1;3404
40; 2009; 2;3044
40; 2009; 3;2601
40; 2009; 4;3674
40; 2009; 5;4048
40; 2009; 6;4245
40; 2009; 7;3184
40; 2009; 8;3227
40; 2009; 9;2604
40; 2009; 10;3351
40; 2009; 11;2300
40; 2009; 12;3243
40; 2010; 1;3215
40; 2010; 2;2189
40; 2010; 3;3105
40; 2010; 4;2378
40; 2010; 5;2349
40; 2010; 6;3137
40; 2010; 7;2394
40; 2010; 8;1718
40; 2010; 9;4238
40; 2010; 10;3820
41; 2005; 1;3605
41; 2005; 2;2386
41; 2005; 3;4051
41; 2005; 4;2133
41; 2005; 5;3660
41; 2005; 6;3924
41; 2005; 7;4837
41; 2005; 8;3897
41; 2005; 9;3291
41; 2005; 10;3076
41; 2005; 11;3382
41; 2005; 12;3270
41; 2006; 1;3977
41; 2006; 2;2500
41; 2006; 3;3133
41; 2006; 4;2939
41; 2006; 5;3775
41; 2006; 6;4159
41; 2006; 7;2286
41; 2006; 8;4154
41; 2006; 9;3515
41; 2006; 10;3040
41; 2006; 11;2948
41; 2006; 12;2585
41; 2007; 1;2235
41; 2007; 2;3759
41; 2007; 3;3788
41; 2007; 4;2539
41; 2007; 5;2518
41; 2007; 6;2475
41; 2007; 7;3232
41; 2007; 8;2183
41; 2007; 9;2991
41; 2007; 10;3394
41; 2007; 11;3703
41; 2007; 12;2176
41; 2008; 1;2835
41; 2008; 2;2346
41; 2008; 3;2563
41; 2008; 4;2805
41; 2008; 5;3437
41; 2008; 6;4318
41; 2008; 7;3856
41; 2008; 8;3130
41; 2008; 9;2230
41; 2008; 10;4255
41; 2008; 11;3371
41; 2008; 12;2316
41; 2009; 1;3511
41; 2009; 2;3051
41; 2009; 3;3685
41; 2009; 4;2367
41; 2009; 5;3204
41; 2009; 6;3977
41; 2009; 7;2800
41; 2009; 8;3674
41; 2009; 9;1859
41; 2009; 10;3697
41; 2009; 11;3169
41; 2009; 12;3568
41; 2010; 1;3370
41; 2010; 2;3424
41; 2010; 3;3362
41; 2010; 4;2467
41; 2010; 5;2981
41; 2010; 6;2987
41; 2010; 7;2713
41; 2010; 8;4282
41; 2010; 9;3383
41; 2010; 10;2561
42; 2005; 1;3415
42; 2005; 2;2337
42; 2005; 3;2753
42; 2005; 4;3240
42; 2005; 5;2825
42; 2005; 6;3195
42; 2005; 7;2827
42; 2005; 8;2325
42; 2005; 9;3166
42; 2005; 10;2494
42; 2005; 11;2994
42; 2005; 12;2424
42; 2006; 1;4121
42; 2006; 2;3245
42; 2006; 3;2928
42; 2006; 4;2731
42; 2006; 5;1642
42; 2006; 6;4241
42; 2006; 7;1897
42; 2006; 8;3296
42; 2006; 9;4047
42; 2006; 10;2973
42; 2006; 11;3383
42; 2006; 12;3913
42; 2007; 1;3242
42; 2007; 2;3899
42; 2007; 3;4164
42; 2007; 4;3783
42; 2007; 5;2390
42; 2007; 6;3125
42; 2007; 7;5041
42; 2007; 8;3213
42; 2007; 9;2770
42; 2007; 10;2765
42; 2007; 11;3182
42; 2007; 12;3534
42; 2008; 1;4700
42; 2008; 2;2866
42; 2008; 3;3536
42; 2008; 4;4212
42; 2008; 5;3542
42; 2008; 6;3879
42; 2008; 7;3309
42; 2008; 8;2583
42; 2008; 9;2387
42; 2008; 10;2949
42; 2008; 11;2257
42; 2008; 12;4105
42; 2009; 1;2951
42; 2009; 2;2139
42; 2009; 3;3140
42; 2009; 4;2013
42; 2009; 5;3448
42; 2009; 6;4005
42; 2009; 7;2787
42; 2009; 8;2988
42; 2009; 9;3966
42; 2009; 10;2322
42; 2009; 11;2008
42; 2009; 12;2188
42; 2010; 1;3797
42; 2010; 2;2031
42; 2010; 3;4254
42; 2010; 4;2956
42; 2010; 5;3723
42; 2010; 6;2950
42; 2010; 7;2716
42; 2010; 8;3881
42; 2010; 9;3131
42; 2010; 10;3467
43; 2005; 1;3150
43; 2005; 2;2662
43; 2005; 3;2891
43; 2005; 4;3653
43; 2005; 5;3815
43; 2005; 6;3297
43; 2005; 7;2564
43; 2005; 8;4440
43; 2005; 9;2281
43; 2005; 10;1545
43; 2005; 11;3538
43; 2005; 12;2544
43; 2006; 1;2660
43; 2006; 2;3302
43; 2006; 3;4256
43; 2006; 4;3080
43; 2006; 5;2516
43; 2006; 6;2533
43; 2006; 7;4732
43; 2006; 8;2678
43; 2006; 9;3283
43; 2006; 10;3551
43; 2006; 11;2348
43; 2006; 12;3391
43; 2007; 1;4222
43; 2007; 2;2644
43; 2007; 3;2555
43; 2007; 4;3945
43; 2007; 5;2925
43; 2007; 6;3385
43; 2007; 7;3267
43; 2007; 8;3181
43; 2007; 9;4235
43; 2007; 10;2993
43; 2007; 11;3273
43; 2007; 12;3712
43; 2008; 1;3260
43; 2008; 2;2906
43; 2008; 3;3407
43; 2008; 4;3915
43; 2008; 5;2905
43; 2008; 6;2928
43; 2008; 7;3858
43; 2008; 8;3438
43; 2008; 9;2811
43; 2008; 10;3841
43; 2008; 11;3482
43; 2008; 12;3738
43; 2009; 1;3840
43; 2009; 2;2857
43; 2009; 3;4426
43; 2009; 4;3421
43; 2009; 5;4158
43; 2009; 6;3572
43; 2009; 7;3541
43; 2009; 8;2216
43; 2009; 9;3315
43; 2009; 10;3072
43; 2009; 11;2564
43; 2009; 12;3014
43; 2010; 1;3554
43; 2010; 2;2641
43; 2010; 3;3158
43; 2010; 4;3585
43; 2010; 5;1879
43; 2010; 6;2654
43; 2010; 7;3509
43; 2010; 8;3136
43; 2010; 9;3304
43; 2010; 10;3522
